{"id":"741dd14b-6091-487d-8270-ebc78bd1e81a","revision":0,"last_node_id":1,"last_link_id":0,"nodes":[],"links":[],"groups":[],"config":{},"extra":{"ue_links":[],"ds":{"scale":1.4420993610651138,"offset":[935.4168496081584,-1087.4373198206883]},"workflowRendererVersion":"Vue"},"version":0.4}